id,text,correct,jev,jev_ok,jev_confidence,gpt,gpt_ok,label_note
50,2段階認証を全社で必須にする設定を管理者として有効にしたいです。,アカウント・契約,技術サポート,False,0.85,アカウント・契約,True,
80,データの保存場所は日本国内ですか？顧客に説明が必要です。,営業・導入相談,技術サポート,False,0.49,技術サポート,False,既存か見込みか曖昧。導入説明用として営業
83,請求先の部署を経理部から総務部に変更したいです。,請求・支払い,請求・支払い,True,0.71,アカウント・契約,False,
84,試用期間が終わると自動で有料になりますか？,営業・導入相談,営業・導入相談,True,0.84,請求・支払い,False,
86,インボイス対応の請求書フォーマットで、税率ごとの内訳が出るようにできますか？当社の請求書発行に使っています。,技術サポート,請求・支払い,False,0.4,請求・支払い,False,インボイスの語があるが、機能の設定の質問
87,利用規約の改定内容について質問があります。,その他,アカウント・契約,False,0.45,アカウント・契約,False,
89,年度末に向けてユーザーを一時的に倍に増やしたいのですが、期間限定の契約はありますか？,営業・導入相談,アカウント・契約,False,0.83,営業・導入相談,True,
93,決算期の変更に伴い、請求の締め日を変えたいです。,請求・支払い,請求・支払い,True,0.9,アカウント・契約,False,
100,急ぎではないのですが、デモで見た自動化機能は今のプランでも使えますか？,営業・導入相談,営業・導入相談,True,0.33,アカウント・契約,False,デモの語があり既存顧客にも読める
